trial,testing,parameters,initial_deadline,final_deadline,net_reward,actions,success
1,False,"{'a': 0.5, 'e': 1.0}",20,0,-36.188809205423354,"{0: 13, 1: 4, 2: 2, 3: 1, 4: 0}",0
2,False,"{'a': 0.5, 'e': 1.0}",30,0,-119.05555942078863,"{0: 21, 1: 3, 2: 3, 3: 1, 4: 2}",0
3,False,"{'a': 0.5, 'e': 1.0}",25,0,-63.63855186651101,"{0: 16, 1: 2, 2: 7, 3: 0, 4: 0}",0
4,False,"{'a': 0.5, 'e': 1.0}",30,0,-31.131364163622894,"{0: 25, 1: 0, 2: 4, 3: 1, 4: 0}",0
5,False,"{'a': 0.5, 'e': 1.0}",25,0,-157.79937498956687,"{0: 15, 1: 1, 2: 5, 3: 2, 4: 2}",0
6,False,"{'a': 0.5, 'e': 1.0}",25,0,-247.71120869506169,"{0: 9, 1: 6, 2: 5, 3: 1, 4: 4}",0
7,False,"{'a': 0.5, 'e': 1.0}",25,0,-151.72619648756472,"{0: 11, 1: 5, 2: 6, 3: 2, 4: 1}",0
8,False,"{'a': 0.5, 'e': 1.0}",20,0,-34.223267178238714,"{0: 13, 1: 4, 2: 3, 3: 0, 4: 0}",0
